--
-- PostgreSQL database dump
--

-- Dumped from database version 12.22 (Ubuntu 12.22-0ubuntu0.20.04.4)
-- Dumped by pg_dump version 12.22 (Ubuntu 12.22-0ubuntu0.20.04.4)

SET statement_timeout = 0;
SET lock_timeout = 0;
SET idle_in_transaction_session_timeout = 0;
SET client_encoding = 'UTF8';
SET standard_conforming_strings = on;
SELECT pg_catalog.set_config('search_path', '', false);
SET check_function_bodies = false;
SET xmloption = content;
SET client_min_messages = warning;
SET row_security = off;

DROP DATABASE universe;
--
-- Name: universe; Type: DATABASE; Schema: -; Owner: freecodecamp
--

CREATE DATABASE universe WITH TEMPLATE = template0 ENCODING = 'UTF8' LC_COLLATE = 'C.UTF-8' LC_CTYPE = 'C.UTF-8';


ALTER DATABASE universe OWNER TO freecodecamp;

\connect universe

SET statement_timeout = 0;
SET lock_timeout = 0;
SET idle_in_transaction_session_timeout = 0;
SET client_encoding = 'UTF8';
SET standard_conforming_strings = on;
SELECT pg_catalog.set_config('search_path', '', false);
SET check_function_bodies = false;
SET xmloption = content;
SET client_min_messages = warning;
SET row_security = off;

SET default_tablespace = '';

SET default_table_access_method = heap;

--
-- Name: galaxy; Type: TABLE; Schema: public; Owner: freecodecamp
--

CREATE TABLE public.galaxy (
    galaxy_id integer NOT NULL,
    name character varying(30) NOT NULL,
    description text,
    discovered date,
    discovered_by character varying(60)
);


ALTER TABLE public.galaxy OWNER TO freecodecamp;

--
-- Name: galaxy_galaxy_id_seq; Type: SEQUENCE; Schema: public; Owner: freecodecamp
--

CREATE SEQUENCE public.galaxy_galaxy_id_seq
    AS integer
    START WITH 1
    INCREMENT BY 1
    NO MINVALUE
    NO MAXVALUE
    CACHE 1;


ALTER TABLE public.galaxy_galaxy_id_seq OWNER TO freecodecamp;

--
-- Name: galaxy_galaxy_id_seq; Type: SEQUENCE OWNED BY; Schema: public; Owner: freecodecamp
--

ALTER SEQUENCE public.galaxy_galaxy_id_seq OWNED BY public.galaxy.galaxy_id;


--
-- Name: lifeform; Type: TABLE; Schema: public; Owner: freecodecamp
--

CREATE TABLE public.lifeform (
    lifeform_id integer NOT NULL,
    name character varying(30) NOT NULL,
    is_intelligent boolean,
    age integer,
    description text
);


ALTER TABLE public.lifeform OWNER TO freecodecamp;

--
-- Name: lifeform_lifeform_id_seq; Type: SEQUENCE; Schema: public; Owner: freecodecamp
--

CREATE SEQUENCE public.lifeform_lifeform_id_seq
    AS integer
    START WITH 1
    INCREMENT BY 1
    NO MINVALUE
    NO MAXVALUE
    CACHE 1;


ALTER TABLE public.lifeform_lifeform_id_seq OWNER TO freecodecamp;

--
-- Name: lifeform_lifeform_id_seq; Type: SEQUENCE OWNED BY; Schema: public; Owner: freecodecamp
--

ALTER SEQUENCE public.lifeform_lifeform_id_seq OWNED BY public.lifeform.lifeform_id;


--
-- Name: moon; Type: TABLE; Schema: public; Owner: freecodecamp
--

CREATE TABLE public.moon (
    moon_id integer NOT NULL,
    name character varying(30) NOT NULL,
    is_spherical boolean,
    planet_id integer,
    has_life boolean
);


ALTER TABLE public.moon OWNER TO freecodecamp;

--
-- Name: moon_moon_id_seq; Type: SEQUENCE; Schema: public; Owner: freecodecamp
--

CREATE SEQUENCE public.moon_moon_id_seq
    AS integer
    START WITH 1
    INCREMENT BY 1
    NO MINVALUE
    NO MAXVALUE
    CACHE 1;


ALTER TABLE public.moon_moon_id_seq OWNER TO freecodecamp;

--
-- Name: moon_moon_id_seq; Type: SEQUENCE OWNED BY; Schema: public; Owner: freecodecamp
--

ALTER SEQUENCE public.moon_moon_id_seq OWNED BY public.moon.moon_id;


--
-- Name: planet; Type: TABLE; Schema: public; Owner: freecodecamp
--

CREATE TABLE public.planet (
    planet_id integer NOT NULL,
    name character varying(30) NOT NULL,
    moon_count integer,
    has_life boolean,
    star_id integer
);


ALTER TABLE public.planet OWNER TO freecodecamp;

--
-- Name: planet_planet_id_seq; Type: SEQUENCE; Schema: public; Owner: freecodecamp
--

CREATE SEQUENCE public.planet_planet_id_seq
    AS integer
    START WITH 1
    INCREMENT BY 1
    NO MINVALUE
    NO MAXVALUE
    CACHE 1;


ALTER TABLE public.planet_planet_id_seq OWNER TO freecodecamp;

--
-- Name: planet_planet_id_seq; Type: SEQUENCE OWNED BY; Schema: public; Owner: freecodecamp
--

ALTER SEQUENCE public.planet_planet_id_seq OWNED BY public.planet.planet_id;


--
-- Name: star; Type: TABLE; Schema: public; Owner: freecodecamp
--

CREATE TABLE public.star (
    star_id integer NOT NULL,
    name character varying(30) NOT NULL,
    planet_count integer,
    radius numeric(10,2),
    galaxy_id integer
);


ALTER TABLE public.star OWNER TO freecodecamp;

--
-- Name: star_star_id_seq; Type: SEQUENCE; Schema: public; Owner: freecodecamp
--

CREATE SEQUENCE public.star_star_id_seq
    AS integer
    START WITH 1
    INCREMENT BY 1
    NO MINVALUE
    NO MAXVALUE
    CACHE 1;


ALTER TABLE public.star_star_id_seq OWNER TO freecodecamp;

--
-- Name: star_star_id_seq; Type: SEQUENCE OWNED BY; Schema: public; Owner: freecodecamp
--

ALTER SEQUENCE public.star_star_id_seq OWNED BY public.star.star_id;


--
-- Name: galaxy galaxy_id; Type: DEFAULT; Schema: public; Owner: freecodecamp
--

ALTER TABLE ONLY public.galaxy ALTER COLUMN galaxy_id SET DEFAULT nextval('public.galaxy_galaxy_id_seq'::regclass);


--
-- Name: lifeform lifeform_id; Type: DEFAULT; Schema: public; Owner: freecodecamp
--

ALTER TABLE ONLY public.lifeform ALTER COLUMN lifeform_id SET DEFAULT nextval('public.lifeform_lifeform_id_seq'::regclass);


--
-- Name: moon moon_id; Type: DEFAULT; Schema: public; Owner: freecodecamp
--

ALTER TABLE ONLY public.moon ALTER COLUMN moon_id SET DEFAULT nextval('public.moon_moon_id_seq'::regclass);


--
-- Name: planet planet_id; Type: DEFAULT; Schema: public; Owner: freecodecamp
--

ALTER TABLE ONLY public.planet ALTER COLUMN planet_id SET DEFAULT nextval('public.planet_planet_id_seq'::regclass);


--
-- Name: star star_id; Type: DEFAULT; Schema: public; Owner: freecodecamp
--

ALTER TABLE ONLY public.star ALTER COLUMN star_id SET DEFAULT nextval('public.star_star_id_seq'::regclass);


--
-- Data for Name: galaxy; Type: TABLE DATA; Schema: public; Owner: freecodecamp
--

INSERT INTO public.galaxy VALUES (1, 'Galaxy A', 'Galaxy A Description', '1990-06-01', 'Patrick');
INSERT INTO public.galaxy VALUES (2, 'Galaxy B', 'Galaxy B Description', '1990-06-02', 'Patrick');
INSERT INTO public.galaxy VALUES (3, 'Galaxy C', 'Galaxy C Description', '1990-06-03', 'Patrick');
INSERT INTO public.galaxy VALUES (4, 'Galaxy D', 'Galaxy D Description', '1990-06-04', 'Patrick');
INSERT INTO public.galaxy VALUES (5, 'Galaxy E', 'Galaxy E Description', '1990-06-05', 'Patrick');
INSERT INTO public.galaxy VALUES (6, 'Galaxy F', 'Galaxy F Description', '1990-06-06', 'Patrick');


--
-- Data for Name: lifeform; Type: TABLE DATA; Schema: public; Owner: freecodecamp
--

INSERT INTO public.lifeform VALUES (1, 'Human', true, 10000, 'Human Description');
INSERT INTO public.lifeform VALUES (2, 'Animal', true, 100000, 'Animal Description');
INSERT INTO public.lifeform VALUES (3, 'Microbe', false, 1000000, 'Microbe Description');


--
-- Data for Name: moon; Type: TABLE DATA; Schema: public; Owner: freecodecamp
--

INSERT INTO public.moon VALUES (1, 'Moon A', true, 1, false);
INSERT INTO public.moon VALUES (2, 'Moon B', true, 2, false);
INSERT INTO public.moon VALUES (3, 'Moon C', true, 3, false);
INSERT INTO public.moon VALUES (4, 'Moon D', true, 4, false);
INSERT INTO public.moon VALUES (5, 'Moon E', true, 5, false);
INSERT INTO public.moon VALUES (6, 'Moon F', true, 5, true);
INSERT INTO public.moon VALUES (7, 'Moon G', false, 6, true);
INSERT INTO public.moon VALUES (8, 'Moon H', false, 6, false);
INSERT INTO public.moon VALUES (9, 'Moon I', true, 7, false);
INSERT INTO public.moon VALUES (10, 'Moon J', true, 7, true);
INSERT INTO public.moon VALUES (11, 'Moon K', false, 8, false);
INSERT INTO public.moon VALUES (12, 'Moon L', true, 8, false);
INSERT INTO public.moon VALUES (13, 'Moon M', true, 5, false);
INSERT INTO public.moon VALUES (14, 'Moon N', true, 5, true);
INSERT INTO public.moon VALUES (15, 'Moon O', false, 6, true);
INSERT INTO public.moon VALUES (16, 'Moon P', false, 6, false);
INSERT INTO public.moon VALUES (17, 'Moon Q', true, 7, false);
INSERT INTO public.moon VALUES (18, 'Moon R', true, 7, true);
INSERT INTO public.moon VALUES (19, 'Moon S', false, 8, false);
INSERT INTO public.moon VALUES (20, 'Moon T', true, 8, false);


--
-- Data for Name: planet; Type: TABLE DATA; Schema: public; Owner: freecodecamp
--

INSERT INTO public.planet VALUES (1, 'Planet A', 1, false, 1);
INSERT INTO public.planet VALUES (2, 'Planet B', 1, false, 1);
INSERT INTO public.planet VALUES (3, 'Planet C', 1, false, 2);
INSERT INTO public.planet VALUES (4, 'Planet D', 1, false, 2);
INSERT INTO public.planet VALUES (5, 'Planet E', 2, false, 3);
INSERT INTO public.planet VALUES (6, 'Planet F', 2, true, 3);
INSERT INTO public.planet VALUES (7, 'Planet G', 2, false, 4);
INSERT INTO public.planet VALUES (8, 'Planet H', 2, false, 4);
INSERT INTO public.planet VALUES (9, 'Planet I', 2, false, 5);
INSERT INTO public.planet VALUES (10, 'Planet J', 2, false, 5);
INSERT INTO public.planet VALUES (11, 'Planet K', 2, false, 6);
INSERT INTO public.planet VALUES (12, 'Planet L', 2, false, 6);


--
-- Data for Name: star; Type: TABLE DATA; Schema: public; Owner: freecodecamp
--

INSERT INTO public.star VALUES (1, 'Star A', 2, 100000.00, 1);
INSERT INTO public.star VALUES (2, 'Star B', 2, 110000.00, 2);
INSERT INTO public.star VALUES (3, 'Star C', 2, 120000.00, 3);
INSERT INTO public.star VALUES (4, 'Star D', 2, 130000.00, 4);
INSERT INTO public.star VALUES (5, 'Star E', 2, 140000.00, 5);
INSERT INTO public.star VALUES (6, 'Star F', 2, 150000.00, 6);


--
-- Name: galaxy_galaxy_id_seq; Type: SEQUENCE SET; Schema: public; Owner: freecodecamp
--

SELECT pg_catalog.setval('public.galaxy_galaxy_id_seq', 6, true);


--
-- Name: lifeform_lifeform_id_seq; Type: SEQUENCE SET; Schema: public; Owner: freecodecamp
--

SELECT pg_catalog.setval('public.lifeform_lifeform_id_seq', 3, true);


--
-- Name: moon_moon_id_seq; Type: SEQUENCE SET; Schema: public; Owner: freecodecamp
--

SELECT pg_catalog.setval('public.moon_moon_id_seq', 20, true);


--
-- Name: planet_planet_id_seq; Type: SEQUENCE SET; Schema: public; Owner: freecodecamp
--

SELECT pg_catalog.setval('public.planet_planet_id_seq', 12, true);


--
-- Name: star_star_id_seq; Type: SEQUENCE SET; Schema: public; Owner: freecodecamp
--

SELECT pg_catalog.setval('public.star_star_id_seq', 6, true);


--
-- Name: galaxy galaxy_pkey; Type: CONSTRAINT; Schema: public; Owner: freecodecamp
--

ALTER TABLE ONLY public.galaxy
    ADD CONSTRAINT galaxy_pkey PRIMARY KEY (galaxy_id);


--
-- Name: lifeform lifeform_name_key; Type: CONSTRAINT; Schema: public; Owner: freecodecamp
--

ALTER TABLE ONLY public.lifeform
    ADD CONSTRAINT lifeform_name_key UNIQUE (name);


--
-- Name: lifeform lifeform_pkey; Type: CONSTRAINT; Schema: public; Owner: freecodecamp
--

ALTER TABLE ONLY public.lifeform
    ADD CONSTRAINT lifeform_pkey PRIMARY KEY (lifeform_id);


--
-- Name: moon moon_pkey; Type: CONSTRAINT; Schema: public; Owner: freecodecamp
--

ALTER TABLE ONLY public.moon
    ADD CONSTRAINT moon_pkey PRIMARY KEY (moon_id);


--
-- Name: planet planet_pkey; Type: CONSTRAINT; Schema: public; Owner: freecodecamp
--

ALTER TABLE ONLY public.planet
    ADD CONSTRAINT planet_pkey PRIMARY KEY (planet_id);


--
-- Name: star star_pkey; Type: CONSTRAINT; Schema: public; Owner: freecodecamp
--

ALTER TABLE ONLY public.star
    ADD CONSTRAINT star_pkey PRIMARY KEY (star_id);


--
-- Name: galaxy uq_galaxy_name; Type: CONSTRAINT; Schema: public; Owner: freecodecamp
--

ALTER TABLE ONLY public.galaxy
    ADD CONSTRAINT uq_galaxy_name UNIQUE (name);


--
-- Name: moon uq_moon_name; Type: CONSTRAINT; Schema: public; Owner: freecodecamp
--

ALTER TABLE ONLY public.moon
    ADD CONSTRAINT uq_moon_name UNIQUE (name);


--
-- Name: planet uq_planet_name; Type: CONSTRAINT; Schema: public; Owner: freecodecamp
--

ALTER TABLE ONLY public.planet
    ADD CONSTRAINT uq_planet_name UNIQUE (name);


--
-- Name: star uq_star_name; Type: CONSTRAINT; Schema: public; Owner: freecodecamp
--

ALTER TABLE ONLY public.star
    ADD CONSTRAINT uq_star_name UNIQUE (name);


--
-- Name: moon moon_planet_fkey; Type: FK CONSTRAINT; Schema: public; Owner: freecodecamp
--

ALTER TABLE ONLY public.moon
    ADD CONSTRAINT moon_planet_fkey FOREIGN KEY (planet_id) REFERENCES public.planet(planet_id);


--
-- Name: planet planet_star_fkey; Type: FK CONSTRAINT; Schema: public; Owner: freecodecamp
--

ALTER TABLE ONLY public.planet
    ADD CONSTRAINT planet_star_fkey FOREIGN KEY (star_id) REFERENCES public.star(star_id);


--
-- Name: star star_galaxy_fkey; Type: FK CONSTRAINT; Schema: public; Owner: freecodecamp
--

ALTER TABLE ONLY public.star
    ADD CONSTRAINT star_galaxy_fkey FOREIGN KEY (galaxy_id) REFERENCES public.galaxy(galaxy_id);


--
-- PostgreSQL database dump complete
--

